experiment_name,epochs,fid,inception_score,ssim,train_loss,val_loss,loss_g,loss_d,loss_c
VAE latent 128,50,234.1033744220389,1.980019,0.3496915,0.5628833641782839,0.5785807339350383,,,
VAE latent 256,50,234.80852162794827,1.847147,0.34069154,0.5641366103936357,0.5796204598744711,,,
DCGAN lr 2e-4,50,254.97752780017134,2.403666,,,,2.7012874949396704,0.6913747068559914,
DCGAN lrG 1e-4 lrD 4e-4,50,260.79588400254386,2.1060128,,,,4.717364532905712,0.2870790557772444,
WGAN-GP n_critic 5,50,245.12325463552222,2.1082742,,,,3.29642545810917,,-6.158093258267955
WGAN-GP n_critic 3,50,250.73382660927464,1.7823185,,,,-28.188750521917093,,-5.17837731531489
