experiment_name,epochs,fid,inception_score,ssim,train_loss,val_loss,loss_g,loss_d,loss_c
VAE latent 128,300,274.32933456496215,1.8421898,0.20739172,0.6123298680645296,0.6118089698609851,,,
VAE latent 256,300,272.08827465191166,1.7925934,0.22053245,0.602554650142275,0.6081124487377348,,,
DCGAN lr 2e-4,300,284.5166020744947,1.6470842,,,,3.8392176956966004,0.646386703540539,
DCGAN lrG 1e-4 lrD 4e-4,300,295.30379838841844,1.5505038,,,,3.6733512713991363,0.36097213112074755,
WGAN-GP n_critic 5,300,246.3017008199677,1.8466982,,,,-83.0196796285695,,-8.919626028784391
WGAN-GP n_critic 3,300,256.95966864900726,1.7922989,,,,-43.33735156059265,,-6.354267690373563
