experiment_name,epochs,best_val_acc,accuracy,macro_precision,macro_recall,macro_f1,weighted_precision,weighted_recall,weighted_f1,top5_accuracy
Baseline Original,50,0.5923076923076923,0.5923076923076923,0.6398614193234404,0.5951497021497022,0.5831469587076372,0.6397516958951864,0.5923076923076923,0.5810241643344886,0.8910256410256411
